{
  "config": {
    "model_type": "variational_autoencoder",
    "loss_type": "vae",
    "input_dim": 784,
    "hidden_dims": [
      512,
      256
    ],
    "latent_dim": 32,
    "lr": 0.001,
    "batch_size": 128,
    "epochs": 10,
    "data_root": "data/"
  },
  "train_losses": [
    169.34637150065103,
    123.24925297851563,
    114.44493186848959,
    110.46054908854167,
    108.21112099609375,
    106.64791194661458,
    105.48598284505208,
    104.59907145182292,
    103.79999138997395,
    103.29312622070313
  ],
  "test_losses": [
    131.29154354248047,
    116.1952677368164,
    110.8015679321289,
    108.76590209960938,
    106.62549853515625,
    105.54186418457031,
    104.40733757324219,
    103.76041192626953,
    103.54948310546875,
    102.73280407714844
  ],
  "final_train_loss": 103.29312622070313,
  "final_test_loss": 102.73280407714844,
  "best_test_loss": 102.73280407714844,
  "num_epochs": 10
}