{
  "config": {
    "model_type": "vanilla_autoencoder",
    "model_params": {
      "input_dim": 784,
      "hidden_dims": [
        512,
        256,
        128
      ],
      "latent_dim": 32
    },
    "loss_type": "reconstruction",
    "lr": 0.001,
    "epochs": 50,
    "batch_size": 128,
    "data_root": "data"
  },
  "train_losses": [
    38.709161104329425,
    17.64595859781901,
    12.361760337320964,
    9.612632501220704,
    8.142851955159506,
    7.223621366373698,
    6.530668856811523,
    6.036370653279622,
    5.6878774485270185,
    5.404599715169271,
    5.155016587320963,
    4.953372450256348,
    4.778341192626953,
    4.620095515950521,
    4.4651584096272785,
    4.344851218159993,
    4.241766656494141,
    4.134015339660644,
    4.028487373860677,
    3.9519703887939452,
    3.8709986495971678,
    3.8085511383056643,
    3.7366030186971027,
    3.6638791020711263,
    3.6119227579752606,
    3.5544731577555337,
    3.497725326538086,
    3.440912299601237,
    3.387208912150065,
    3.340505639139811,
    3.2872498509724934,
    3.2639298583984373,
    3.219747051493327,
    3.195136635843913,
    3.1494253946940103,
    3.1134144002278648,
    3.099464434814453,
    3.0646309875488282,
    3.0368804000854492,
    3.008981916300456,
    2.9974437896728516,
    2.9656160959879556,
    2.9575771896362304,
    2.920378976949056,
    2.909075446573893,
    2.888634134419759,
    2.869857521057129,
    2.8618558385213215,
    2.8362688288370768,
    2.8212282725016276
  ],
  "test_losses": [
    22.414838372802734,
    14.046016604614257,
    10.374431692504883,
    8.604935529327392,
    7.488870858764648,
    6.826838212585449,
    6.2144675483703615,
    5.930908707427979,
    5.667498709869385,
    5.4426586563110355,
    5.207081997680664,
    5.011432766723633,
    4.961912275695801,
    4.7715952083587645,
    4.62459960861206,
    4.5978110397338865,
    4.526436427307129,
    4.387566872406006,
    4.228551261901855,
    4.215331436538697,
    4.1595776069641115,
    4.124122993469238,
    4.009235682678223,
    4.027554731750488,
    3.967787956619263,
    3.969380563354492,
    3.9363402130126954,
    3.825942279052734,
    3.695355941772461,
    3.7165748973846435,
    3.7000007846832275,
    3.7151285514831542,
    3.6061299198150634,
    3.6943008628845213,
    3.54060897064209,
    3.6089743717193605,
    3.55036633682251,
    3.5214107501983642,
    3.5398847816467285,
    3.4844262355804445,
    3.480373251724243,
    3.444352978515625,
    3.470669578552246,
    3.468617811203003,
    3.485166236877441,
    3.422051248550415,
    3.4540508750915526,
    3.3633767295837402,
    3.3809577369689943,
    3.4216929126739504
  ],
  "final_train_loss": 2.8212282725016276,
  "final_test_loss": 3.4216929126739504,
  "best_test_loss": 3.3633767295837402,
  "num_epochs": 50
}