{
  "config": {
    "model_type": "variational_autoencoder",
    "loss_type": "vae",
    "input_dim": 784,
    "hidden_dims": [
      512,
      256
    ],
    "latent_dim": 32,
    "lr": 0.001,
    "batch_size": 128,
    "epochs": 50,
    "data_root": "data/"
  },
  "train_losses": [
    166.32746455078126,
    122.72731598307291,
    114.66417485351562,
    110.482573046875,
    107.98441472981771,
    106.44246772460937,
    105.37375001627605,
    104.45319453125,
    103.71330340169271,
    103.1012880859375,
    102.64039534505208,
    102.19230408528645,
    101.75954064127605,
    101.42365074869792,
    101.14254052734375,
    100.87825517578125,
    100.58675151367187,
    100.39051329752604,
    100.20748333333333,
    99.9661453125,
    99.87528452148437,
    99.65045802408854,
    99.51901743164062,
    99.38058315429687,
    99.20026904296876,
    99.1335458984375,
    98.96114672851563,
    98.84344676106771,
    98.77194295247396,
    98.7108453938802,
    98.55065872395834,
    98.48996818033854,
    98.3652993001302,
    98.33039178059896,
    98.19265628255208,
    98.11723527018229,
    98.0488942220052,
    97.97177014973958,
    97.91569736328125,
    97.8568453125,
    97.83609936523438,
    97.74439197591146,
    97.68365815429688,
    97.61006617838542,
    97.55253579101563,
    97.51764690755208,
    97.46828727213541,
    97.40204944661458,
    97.3843203938802,
    97.31886232096355
  ],
  "test_losses": [
    129.45843615722657,
    116.70560583496093,
    111.09134682617187,
    108.07461522216796,
    106.67765590820312,
    104.9453103515625,
    104.34831861572266,
    103.69521977539063,
    102.79606905517578,
    102.37070258789062,
    102.26403237304687,
    101.82885568847657,
    101.74542453613282,
    101.06007214355469,
    101.02236800537109,
    100.96439138183594,
    100.30857353515626,
    100.48767055664062,
    100.62637822265626,
    100.3245502319336,
    99.971415625,
    99.82042888183594,
    99.62810274658203,
    99.757236328125,
    99.69070168457031,
    99.702834375,
    99.38230673828124,
    99.2827947265625,
    99.13912702636719,
    99.22431948242188,
    99.02152770996094,
    99.08848259277343,
    98.84464022216797,
    98.99058825683593,
    98.70531030273438,
    98.72662462158203,
    98.69674438476562,
    98.74813334960938,
    98.64152412109375,
    98.41404533691406,
    98.65760870361328,
    98.61188623046876,
    98.6081021484375,
    98.52871019287109,
    98.36235085449219,
    98.43005676269532,
    98.13023526611327,
    98.40111336669922,
    98.39966345214843,
    98.18702532958984
  ],
  "final_train_loss": 97.31886232096355,
  "final_test_loss": 98.18702532958984,
  "best_test_loss": 98.13023526611327,
  "num_epochs": 50
}